10037344,http://www.easton-college.ac.uk/facilities/accommodation/,Easton College,1920,2160
10037344,http://www.ucs.ac.uk/accommodation,UCS Otley,4200,4300
10036143,,Wise Campus,2850,3600
10036143,http://www.sgscol.ac.uk,Filton Campus,2850,3600
10036143,http://www.sgscol.ac.uk,Stroud Campus,2850,3600
10034450,http://www.cavc.ac.uk/en/international/accommodation/,House of Sport,2000,4400
10034450,http://www.cavc.ac.uk/en/international/accommodation/,International Centre for Aerospace Training,2000,4400
10034450,http://www.cavc.ac.uk/en/international/accommodation/,The Parade,2000,4400
10034450,http://www.cavc.ac.uk/en/international/accommodation/,Cardiff Bay Creative Centre,2000,4400
10034450,http://www.cavc.ac.uk/en/international/accommodation/,Trowbridge Road,2000,4400
10034450,http://www.cavc.ac.uk/en/international/accommodation/,Colcot Road,2000,4400
10024962,http://www.leedscitycollege.ac.uk/ak-doc/accommodation.pdf,Leeds Area (H.E.),3655,7310
10024962,http://www.leedscitycollege.ac.uk/ak-doc/accommodation.pdf,Keighley Campus,3655,7310
10024962,http://www.leedscitycollege.ac.uk/ak-doc/accommodation.pdf,Horsforth Campus,3655,7310
10009614,http://www.nptcgroup.ac.uk,Llandarcy Academy of Sport Campus,1680,2700
10009614,http://www.nptcgroup.ac.uk,Afan Campus,1680,2700
10009614,http://www.nptcgroup.ac.uk,Neath Campus,1680,2700
10008634,http://www.colegsirgar.ac.uk/,Pibwrlwyd Campus,1550,3600
10008634,http://www.colegsirgar.ac.uk/,Jobs Well Campus,1550,3600
10008634,http://www.colegsirgar.ac.uk/,Gelli Aur Campus,1550,3600
10008634,http://www.colegsirgar.ac.uk/,Ammanford Campus,1550,3600
10008634,http://www.colegsirgar.ac.uk/,Graig Campus,1550,3600
10008569,http://www.tynemet.ac.uk/campus-life/life-as-a-tynemet-student.php,Queen Alexandra Sixth Form,3600,4600
10008569,http://www.tynemet.ac.uk/campus-life/life-as-a-tynemet-student.php,Coast Road Campus,2100,3400
10008119,http://www.zoopla.co.uk/to-rent/property/bridgend-county/,Queens Road Campus,2017,2750
10008119,http://www.zoopla.co.uk/to-rent/property/bridgend-county/,Arts Academy Cardiff,2017,2750
10008119,http://www.zoopla.co.uk/to-rent/property/bridgend-county/,Pencoed Campus,2017,2750
10008119,http://www.zoopla.co.uk/to-rent/property/bridgend-county/,Cowbridge Road Campus,2017,2750
10007977,http://uk.easyroommate.com/west-midlands/hereford-and-worcester/redditch-flatshare,Redditch Campus,3380,6000
10007977,http://uk.easyroommate.com/west-midlands/hereford-and-worcester/redditch-flatshare,Bromgrove Campus,3380,6000
10007938,http://www.grimsby.ac.uk/accommodation/comparison.php,Grimsby Institute,2925,3510
10007938,http://www.lincsrc.co.uk/accommodation/index.php,Lincolnshire Regional College,3380,4420
10007938,http://www.yorkshirecoastcollege.ac.uk/accommodation.php,Yorkshire Coast College,3380,4160
10007928,http://www.fareham.ac.uk,Fareham College,1500,15000
10007859,http://www.warwickshire.ac.uk/help_and_advice/accommodation.aspx,Warwickshire College - Moreton Morrell Site,2833,3600
10007859,http://www.warwickshire.ac.uk/help_and_advice/accommodation.aspx,Warwickshire College - Other Site,2833,3600
10007859,http://www.warwickshire.ac.uk/help_and_advice/accommodation.aspx,Warwickshire College - Pershore Site,2833,3600
10007859,http://www.warwickshire.ac.uk/help_and_advice/accommodation.aspx,Warwickshire College - Trident Site,2833,3600
10007859,http://www.warwickshire.ac.uk/help_and_advice/accommodation.aspx,Warwickshire College - Henley Site,2833,3600
10007859,http://www.warwickshire.ac.uk/help_and_advice/accommodation.aspx,Warwickshire College - Rugby Site,2833,3600
10007859,http://www.warwickshire.ac.uk/help_and_advice/accommodation.aspx,Warwickshire College - Leamington Site,2833,3600
10007817,http://www.chichester.ac.uk/International/Where-can-I-live/,Chichester Campus,2800,4400
10007817,http://www.chichester.ac.uk/International/Where-can-I-live/,Brinsbury Campus,2800,4400
10007696,http://www.ucy.ac.uk/student-guide/accommodation/,University Centre Yeovil,2380,2550
10007621,http://www.wortech.ac.uk/student-info/student-support.html,Deansway Campus,3000,5000
10007578,,City of Wolverhampton College,2600,4600
10007553,http://wmc.ac.uk/higher-education/accommodation/,"Europa Boulevard, Conway Park, Birkenhead, CH41 4NT",3360,4740
10007527,http://www.wiltshire.ac.uk/support_services/accommodation,Salisbury Campus,2250,4000
10007527,http://www.wiltshire.ac.uk/support_services/accommodation,Castle Combe,2250,4000
10007527,http://www.wiltshire.ac.uk/support_services/accommodation,Trowbridge Campus,2250,4000
10007527,http://www.wiltshire.ac.uk/support_services/accommodation,Lackham Campus,2250,4000
10007527,http://www.wiltshire.ac.uk/support_services/accommodation,Chippenham Campus,2250,4000
10007469,,Main Site - Cranford Avenue,3700,4300
10007459,http://www.weston.ac.uk/what-can-i-study/university-level-courses/university-level-accommodation,University Campus,4080,4800
10007459,http://www.weston.ac.uk/what-can-i-study/university-level-courses/university-level-accommodation,Knightstone Campus,4080,4800
10007455,http://www.gumtree.com/flats-houses/london,The Victoria Centre,3000,5000
10007434,http://www.paragonlets.com/,Isleworth,6000,9000
10007427,http://www.rightmove.co.uk/,Sovereign Way,1700,3500
10007427,http://www.rightmove.co.uk/,Station Park,1700,3500
10007427,http://www.rightmove.co.uk/,Chesterfield Road,1700,3500
10007427,http://www.rightmove.co.uk/,Derby Road,1700,3500
10007419,http://www.kcollege.ac.uk/learner-information/student-services.html,Ashford,4160,5160
10007419,http://www.kcollege.ac.uk/learner-information/student-services.html,Tonbridge,4200,5400
10007417,http://www.westherts.ac.uk,WestHertsCollege,1500,1600
10007339,,winwick road campus,1500,3000
10007315,http://www.walsallcollege.ac.uk/international/why-study-at-walsall-college/accommodation/,Walsall College,4000,6000
10007289,http://www.wakefield.ac.uk/highereducation/,Castleford Campus,1500,2400
10007289,http://www.wakefield.ac.uk/highereducation/,Thornes Park Campus,1500,2400
10007289,http://www.wakefield.ac.uk/highereducation/,Wakefield City Campus,1500,2400
10007193,http://www.uxbridge.ac.uk,Uxbridge,5400,7800
10007578,,University of Wolverhampton,2600,4600
10002919,http://www.hartpury.ac.uk/Hartpury-College/Home/Hartpury-Life/Accommodation/University-Students/Hartpury-Managed-Accommodation/Accommodation-Costs/,Hartpury College,3600,4600
10001475,http://www.sunderland.ac.uk/studentlife/accommodation/,University of Sunderland,2100,3400
10007035,,Wellingborough,3000,5000
10007035,,Corby,3000,5000
10007035,,Kettering,3000,5000
10006770,http://www.uco.oldham.ac.uk/aboutus/accommodation.aspx,University Campus Oldham,2600,3000
10006549,http://www.tcat.ac.uk,Telford College,2000,10000
10006463,http://www.swindon-college.ac.uk/student-info/student-finance-accommodation,Swindon College,1500,2500
10006442,http://www.bmetc.ac.uk/college-life/student-support/accommodation-advice-university,Sutton Coldfield Campus,1600,4640
10006442,http://www.bmetc.ac.uk/college-life/student-support/accommodation-advice-university,Castle Vale Skills Centre,1600,4640
10006442,http://www.bmetc.ac.uk/college-life/student-support/accommodation-advice-university,James Watt,1600,4640
10006442,http://www.bmetc.ac.uk/college-life/student-support/accommodation-advice-university,Matthew Boulton,1600,4640
10006432,,Eastbourne Campus,4000,5200
10006432,,Lewes Campus,4000,5200
10006378,http://www.strode-college.ac.uk/higher_education/foundation_degrees/282,Strode College,1500,9600
10006331,http://stockport.ac.uk/welfare,Stockport College,2000,6000
10006322,,Stephenson College Coalville,1500,1500
10006303,http://www.stamford.ac.uk/higher-education/,New College Stamford,5900,8000
10003128,http://www.hope.ac.uk/lifeathope/residentiallife,St Mary's College,2584,3152
10006226,http://www.stmarysblackburn.ac.uk/products/byhierarchy/28/77.html,Main Campus,1500,15000
10006050,http://www.sparsholt.ac.uk/accommodation1,Sparsholt College,4400,4900
10006038,http://www.studentpad.co.uk/liverpool,MAIN COLLEGE,1500,9000
10005998,,Altrincham Centre,1500,1501
10005998,,Manchester Music Base,1500,1501
10005997,http://www.south-thames.ac.uk/,Wandsworth Campus,1500,15000
10005991,,Ruddington Centre,2000,3000
10005991,,Charnwood Centre,2000,3000
10005991,,Confetti Studios,2000,3000
10005991,,West Bridgeford Centre,2000,3000
10005991,,Beeston Centre,2000,3000
10005991,,City Centre,2000,3000
10005979,http://www.southdowns.ac.uk/FullTime/Course.aspx?ref=CHNPM,South Downs College,2649,3055
10005977,http://southdevon.ac.uk/welcome-to-university/life-as-a-university-student-at-sdc/accommodation,University Centre,2610,3960
10005967,http://www.sccb.ac.uk/higher-education/accommodation,Handsworth Campus,2600,3100
10005967,http://www.sccb.ac.uk/higher-education/accommodation,Bordesley Green Campus,2600,3100
10005967,http://www.sccb.ac.uk/higher-education/accommodation,Digbeth Campus,2600,3100
10004577,http://www.ncn.ac.uk/content/he/Accomodation.aspx,Adams,3276,3900
10004576,http://www.durhamstudentpad.co.uk,Framwellgate Moor,2054,8639
10004478,http://www.myerscough.ac.uk/?page=centres-preston-studentlife-accommodation,"Main Campus, Bilsborrow",2100,3200
10004442,http://www.moulton.ac.uk/the-college/life-at-moulton/living-at-moulton/accommodation,Moulton,3810,4710
10004340,http://www.midkent.ac.uk/courses/higher-education/he-accommodation,Kent Science Resource Centre,3600,4400
10004340,http://www.midkent.ac.uk/courses/higher-education/he-accommodation,Maidstone Campus,3400,3900
10004340,http://www.midkent.ac.uk/courses/higher-education/he-accommodation,Medway Campus,3600,4400
10005972,http://www.rightmove.co.uk,Mid Cheshire College,3000,14400
10004339,http://www.rightmove.co.uk,Mid Cheshire College,3000,14400
10004144,http://www.rightmove.co.uk,Macclesfield College,3000,14400
10004112,http://www.loucoll.ac.uk/student_services/accommodation,Loughborough College,4500,6000
10003955,http://www.liv-coll.ac.uk/pages/for-students/higher-education-he/437,City of Liverpool,1500,1500
10003928,http://www.lincolncollege.ac.uk/higher-education/life/accommodation,Lincoln College,3419,3730
10003894,http://www.lesoco.ac.uk/college-life,Lewisham Way Campus,3500,8500
10003867,,Leicester College Campus,3900,6800
10003768,,Lancaster and Morecambe College,2475,3640
10003753,http://www.lcwc.ac.uk/fees-grants-and-bursaries,Main Campus,3600,6000
10003708,http://www.edgehill.ac.uk/undergraduate/accommodation,Roby Campus,4800,7200
10003676,http://www.kmc.ac.uk/kc/the_college/student_information/accommodation,Kingston Maurward College,2982,3831
10003674,http://kche.co.uk/support/,Kingston College,4498,5096
10003625,http://www.kedst.ac.uk/he/accommodation,Main Site,1800,2500
10003558,http://www.kendal.ac.uk/location_accommodation.php,Kendal College,2100,3000
10003200,http://www.hull-college.ac.uk/higher-education/accommodation,Harrogate,2880,5760
10003200,http://www.hull-college.ac.uk/higher-education/accommodation,Hull,2880,5760
10003193,,Balliol,1500,1500
10003146,http://www.hopwood.ac.uk/university-level/,Middleton Campus,1500,1501
10003146,http://www.hopwood.ac.uk/university-level/,Rochdale Campus,1500,1501
10003128,http://www.hope.ac.uk/lifeathope/residentiallife,Holy Cross College,2584,3152
10003023,http://www.hlcollege.ac.uk/Student/accommodation.html,Hereford Campus,2600,3600
10003022,http://www.hca.ac.uk/students/student-housing,College Road,3150,3570
10003010,,Henley College Coventry,2500,6000
10002935,,Quarles Campus,3640,9568
10002935,,Ardleigh Green Campus,4200,15000
10002923,,Station Plaza,1500,1500
10002843,http://www.hadlow.ac.uk/higher-education/halls-of-residence/,Greenwich,2588,3400
10002843,http://www.hadlow.ac.uk/higher-education/halls-of-residence/,Hadlow,2588,3400
10002815,http://www.merristwood.ac.uk/TheCollege/Accommodation/AccommodationOptions.aspx,Merrist Wood Campus,3800,4940
10002815,http://www.merristwood.ac.uk/TheCollege/Accommodation/AccommodationOptions.aspx,Stoke Park Campus,3800,4940
10002743,http://www.grantham.ac.uk/about/the-college/accommodation,Grantham College,3500,4500
10002696,http://www.gloscol.ac.uk,Gloucester Campus,2600,5400
10002696,http://www.gloscol.ac.uk,Cheltenham Campus,2600,5400
10002638,,Baltic Campus,2000,6000
10002599,http://www.furness.ac.uk/,Furness College,5000,6500
10002370,,Exeter College,4160,6760
10002143,http://www.eastleigh.ac.uk/,Eastleigh College,3800,6000
10002130,http://esc.ac.uk/higher-education/higher-education-at-esc/accommodation,Gatton Point,4800,5400
10002126,https://www.eastridingcollege.ac.uk/higher-education,Gallows Lane/St Marys Walk,3120,3900
10002126,https://www.eastridingcollege.ac.uk/higher-education,St Marys Walk,3120,3744
10002126,https://www.eastridingcollege.ac.uk/higher-education,Gallows Lane,3172,3900
10002094,http://www.londonpropertywatch.co.uk?,Ealing,6535,13360
10002094,http://www.londonpropertywatch.co.uk?,Acton,6535,13360
10002094,http://www.londonpropertywatch.co.uk?,Hammersmith,6535,13360
10002061,http://www.centralbeds.ac.uk/college-life,Central Bedfordshire College,4445,8455
10001919,http://www.derby-college.co.uk/index.php/accommodation,Broomfield Hall,2860,7000
10001919,http://www.derby-college.co.uk/index.php/accommodation,The Round House,2860,6000
10001897,,Dearne Valley College,4000,6000
10001778,http://www.croydon.ac.uk/en/university-centre/student-services.cfm,Croydon College,2880,3740
10001744,http://www.centralsussex.ac.uk,Central Sussex College - Crawley,3400,5000
10001743,http://www.craven-college.ac.uk/accomodation,Leeds Bradford Airport,5000,7000
10001743,http://www.craven-college.ac.uk/accomodation,Aireville Campus,5000,7000
10001696,http://www.duchy.ac.uk/duchy-university/accommodation,Duchy College - Stoke Climsland,2800,4500
10001696,http://www.cornwall.ac.uk/university/accommodation,Cornwall College Newquay,2800,4500
10001696,http://www.cornwall.ac.uk/university/accommodation,Cornwall College Camborne,2800,4500
10001696,http://www.cornwall.ac.uk/university/accommodation,Cornwall College Saltash,2800,4500
10001696,http://www.falmouthmarineschool.ac.uk/marine-science-biology/accommodation,Falmouth Marine School,2800,4500
10001696,http://www.duchy.ac.uk/duchy-university/accommodation,Duchy College - Rosewarne,2800,4500
10001696,http://www.cornwall.ac.uk/university/accommodation,Cornwall College St Austell,2800,4500
10001549,http://www.intolondon.com/flatshare/,Willesden Campus,2010,2280
10001548,,Tottenham Centre,2200,6500
10001535,http://www.colchester.ac.uk/student/accommodation,Colchester Institute,3400,4200
10001503,http://ccad.ac.uk/undergraduate-courses/he-accommodation/,Church Square,1560,5200
10001475,http://www.rightmove.co.uk/students,Sunderland College,2100,3400
10001467,http://www.cityofbristol.ac.uk/student-support/money-and-living/accommodation-3.html,dBs Music,2750,3500
10001467,http://www.cityofbristol.ac.uk/student-support/money-and-living/accommodation-3.html,Tobacco Factory,2750,3500
10001467,http://www.cityofbristol.ac.uk/student-support/money-and-living/accommodation-3.html,College Green Centre,2750,3500
10001467,http://www.cityofbristol.ac.uk/student-support/money-and-living/accommodation-3.html,Ashley Down Centre,2750,3500
10001458,http://www.covcollege.ac.uk/,City College Coventry - Swanswell Campus,1500,4000
10001457,http://www.ccb.ac.uk/public/courses/he-accommodation,Brighton Campus,4551,4920
10001452,http://www.candi.ac.uk/higher-education/accommodation/,Camden Road,5000,8300
10001207,http://www.carshalton.ac.uk/courses/higher-education/care-early-years/he-ch1011/,Carshalton College,6000,12000
10001196,,College Main Site,4000,4000
10001144,http://www.cant-col.ac.uk/studying-with-us/international-students/accommodation,Canterbury College,3900,4680
10001093,http://www.calderdale.ac.uk/content/view/higher-education/key-information/accommodation,Calderdale College,3402,5670
10001005,http://www.burycollegeunicentre.co.uk/,Bury College,2200,3200
10000952,http://he.brooksbymelton.ac.uk/student-experience/accommodation/,Brooksby Campus,3500,4500
10000952,http://he.brooksbymelton.ac.uk/student-experience/accommodation/,Melton Campus,3500,4500
10000950,,Weybridge Campus,6000,7200
10000948,http://www.bromley.ac.uk/higher-education/higher-education-accommodations-and-support/,Bromley Campus,5408,8840
10000944,http://www.brock.ac.uk,Brockenhurst Main Site,2700,5400
10000878,http://www.bridgwater.ac.uk/college-information.php?category=85,Bridgwater Centre,3900,4680
10000878,http://www.bridgwater.ac.uk/college-information.php?category=85,Cannington Centre,3900,4680
10000840,http://www.bradfordcollege.ac.uk/student-services/accommodation,Main Campus,1680,2226
10000825,http://www.bournville.ac.uk/higher-education/,Bournville College,4940,7200
10000820,http://www.thecollege.co.uk/higher-education/information-new-and-prospective-students/accommodation,Lansdowne Campus,2656,5400
10000820,http://www.thecollege.co.uk/higher-education/information-new-and-prospective-students/accommodation,North Road Campus,2656,5400
10000812,http://www.boston.ac.uk/campuses-and-facilities/rochford-college-campus/Pages/accomodation.aspx,Boston College University Centre,1500,1500
10000754,http://www.blackpool.ac.uk/university/accommodation,Uni Centre,2940,3688
10000747,http://www.blackburn.ac.uk/accommodation/,Main Campus,3375,4500
10000720,http://www.rightmove.co.uk/students,Bishop Auckland College,2100,3400
10000683,http://www.bicton.ac.uk/essentials/accommodation,Bicton College,2500,3750
10000671,http://www.greenwichstudentpad.co.uk/Accommodation,Erith,3200,4400
10000670,http://www.bexhillcollege.ac.uk/docs2/about/international_accommodation.shtml/,Bexhill College,4080,4800
10000560,http://www.bcot.ac.uk/international/default.asp,Basingstoke College of Technology,3120,6500
10000534,http://www.studentvillagebeds.com,Barnfield,2632,4172
10000533,http://www.barnetsouthgate.ac.uk/The-College/learner-services/accommodation,Grahame Park,3600,6000
10000533,http://www.barnetsouthgate.ac.uk/The-College/learner-services/accommodation,Southgate,3600,6000
10000533,http://www.barnetsouthgate.ac.uk/The-College/learner-services/accommodation,Wood Street,3600,6000
10000473,http://www.homesforstudents.co.uk/,Aylesbury College,3120,6000
10000409,http://www.asfc.ac.uk/?page_id=7553,Ashton Sixth Form College,4800,5400
10000093,http://www.accrosshighereducation.co.uk/AboutUs.html,Broad Oak Centre,2500,5000
10003602,http://kc-vle.kidderminster.ac.uk,Kidderminster College,3480,5820
10003035,,Ware Campus,3600,4560
10003035,,Broxbourne Campus,3600,4560
10000275,,High Wycombe,3900,4640
10000275,,Amersham,3900,4640
10023139,http://www.manchesterstudenthomes.com/Help,The Manchester College,3380,3952
10001476,http://www.cwc.ac.uk/studentsupport/CareSupport/Pages/default.aspx,Paddington Green Campus,3500,10000
10001465,,City of Bath College,1500,1500
10002863,http://www.riverside.ac.uk/website/index.php/accomodation/,Riverside College,4500,6900
10001000,http://www.uclan.ac.uk/accommodation/,Burnley Campus,2890,3526
10000415,http://www.askham-bryan.ac.uk/accommodation,York campus,3500,4100
10000415,http://www.askham-bryan.ac.uk/the-college/centres/guisborough,Guisborough Campus,2300,4600
10000415,http://www.newtonrigg.ac.uk/the-college/centres/newton-rigg/accomodation,Newton Rigg Campus,2400,4080
10005032,,Pendleton Centre,2100,3000
10005032,,Walkden Centre,2100,3000
10005032,,Future Skills,2100,3000
10007945,http://www.highbury.ac.uk/client/content.asp?Contentid=665,Highbury City of Portsmouth Centre,2700,2700
10007945,http://www.highbury.ac.uk/client/content.asp?Contentid=665,Highbury Campus,2700,2700
10005128,http://www.cityplym.ac.uk/considering-degree/helping-you-study/student-accommodation,Goschen Centre,3000,7000
10005128,http://www.cityplym.ac.uk/considering-degree/helping-you-study/student-accommodation,Deep Blue Sound,3000,7000
10005128,http://www.cityplym.ac.uk/considering-degree/helping-you-study/student-accommodation,Kings Road,3000,7000
10007924,http://www.dudleycol.ac.uk/InternationalStudents/Accommodation.aspx,Broadway,4420,5096
10006174,http://www.rightmove.co.uk,Town Centre Campus,3600,3900
10007709,http://www.yorkcollege.ac.uk/student-life/accommodation.php,Yorkshire Rail Academy,2820,5400
10007709,http://www.yorkcollege.ac.uk/student-life/accommodation.php,Sim Balk Lane,2820,5400
10003406,http://www.iwcollege.ac.uk/information/university-courses-student-information/,Isle of Wight College,2300,2900
10007063,http://www.truro-penwith.ac.uk/higher-education/student-services/accommodation/,Penwith College,2900,4700
10007407,,Ellesmere Port Campus,2600,7200
10007407,,Chester Campus,2600,7200
10007063,http://www.truro-penwith.ac.uk/higher-education/student-services/accommodation/,Truro College,2900,4700
10000654,http://www.bca.ac.uk/he-accomodation/,Berkshire College of Agriculture,4000,5000
10000794,http://www.boltoncollege.ac.uk/content/3/356/live-and-learn-in-bolton,Deane Road Campus,2600,3884
10006494,http://www.tameside.ac.uk,Beaufort Road,5100,5800
10005583,http://www.ruskin.ac.uk/storage/files/Documents/Tuition_Fees_2012_13.pdf,Ruskin College,2430,3630
10004676,http://www.petroc.ac.uk/higher-education/w22/welcome,Brannams,3000,7500
10004676,http://www.petroc.ac.uk/higher-education/w22/welcome,Barnstaple,3000,7500
10005956,http://www.somerset.ac.uk/student-services-accommodation/the-office.html,Somerset College,3432,4875
10007500,,Sale Way,4284,5100
10007500,,Parsons Walk,4284,5100
10007500,,Image Centre,4284,5100
10000721,http://www.bishopburton.ac.uk/college/accommodation/student-accommodation-off-campus,Bishop Burton,2483,3016
10005981,http://www.southessex.ac.uk/accommodation,Southend,4500,5400
10005981,http://www.southessex.ac.uk/accommodation,Thurrock,5400,6300
10007812,http://ulip.london.ac.uk/accommodation,Paris,5200,6300
10002835,,Shoreditch Campus,7200,12000
10005999,http://www.stc.ac.uk/content/marine-college/accommodation,South Tyneside College,4160,10400
10000610,http://www.bedford.ac.uk/international_students/studying_and_living_in_bedford/accommodation.aspx,Cauldwell Street,2700,3600
10000528,http://digitalpages.digitalissue.co.uk/?userpath=00000082/00008121/00072994/,Rush Green Campus,4200,5400
10006002,http://www.stratford.ac.uk/AbouttheCollege/Facilities/Accommodation/Accommodation.aspx,Main Campus - The Willows North,4870,5353
10007820,,Parc Menai Campus,1500,1500
10007820,,Rhos-On-Sea Campus,1500,1500
10007820,,Menai Campus,1500,1500
10007820,,Dolgellau Campus CMD,1500,1500
10001378,http://www.chesterfield.ac.uk/he-support-students,Chesterfield College,3000,4200
10002412,http://www.farn-ct.ac.uk/higher-education/Accommodation,Farnborough College Campus,3120,4560
10005534,http://bit.ly/StudentAccommodation,Rother Valley Campus,3120,10348
10005534,http://bit.ly/StudentAccommodation,Town Centre Campus,3120,10348
10004375,http://www.mkcollege.ac.uk/learning-at-mkc/accomodation/,Chaffron Way,4445,8455
10002005,http://www.don.ac.uk/university_centre_doncaster/campus/accommodation.aspx,University Centre High Melton,3850,7000
10002005,,The Hub,3850,7000
10007063,http://www.truro-penwith.ac.uk/higher-education/student-services/accommodation/,Tregye Campus,2900,4700
10004695,http://www.northlindsey.ac.uk/higher-education,North LIndsey College,1500,1501
10003189,,Highfields Centre,1500,2000
10003189,,Taylor Hill Centre,1500,2000
10003189,,Dewsbury Centre,1500,2000
10003855,,North Street,1500,2000
10000536,http://www.hud.ac.uk/undergraduate/livinghere/,University Campus Barnsley,2900,4000
10005946,http://www.solihull.ac.uk/courses.php?id=uni__level_learner&uid=Accommodation,Woodlands Campus,2990,5520
10005946,http://www.solihull.ac.uk/courses.php?id=uni__level_learner&uid=Accommodation,Blossomfield Campus,2990,5520
10005788,http://www.sheffcol.ac.uk/higher-education/,Main Site,3200,5400
10005741,http://www.selby.ac.uk,Selby College,4000,5000
10005736,,Benfleet Campus,1500,2500
10005669,http://www.sandwell.ac.uk/Higher-Education/Subjects.aspx,Central Campus,1500,1500
10005575,http://www.uclan.ac.uk/accommodation/,Runshaw College,2500,3300
10005469,,Richmond upon Thames College,1500,1500
10005466,,Parkshot,3500,4200
10005465,http://www.huish.ac.uk/professional/university-courses,Richard Huish College,1500,9600
10005404,http://www.reaseheath.ac.uk/accommodationHE,Main Campus,4017,4017
10005127,http://www.plymouthart.ac.uk/studying/accommodation/,Tavistock Place,3120,3884
10005124,http://www.plumpton.ac.uk/page/study-here/accommodation/28,Plumpton,2145,6500
10005077,http://www.peterborough.ac.uk/ucp/student-housing/,UCP Accomodation,4233,5100
10005072,http://ace.psc.ac.uk/support/information.php,Adult Higher Education Dept,2700,8100
10004927,http://www.brookes.ac.uk/studying-at-brookes/accommodation/halls-in-detail/,Bicester Campus,4250,5197
10004927,http://www.ocvc.ac.uk/student_life/accommodation,Banbury Campus,3640,4860
10004927,http://www.reading-college.ac.uk/accommodation,Reading College,4290,5460
10004927,http://www.brookes.ac.uk/studying-at-brookes/accommodation/halls-in-detail/,Oxford Campus,4250,5196
10004772,http://www.ccn.ac.uk/highereducation,City College Norwich,3211,4047
10004760,,Northumberland College -Berwick Campus,3600,4600
10004760,,Northumberland College -Hexham Campus,3600,4600
10004760,http://www.northumberland.ac.uk/accommodation/,Northumberland College @ Kirkley Hall,3600,4600
10004760,,Northumberland College - Ashington Campus,3600,4600
10004736,http://www.northbrook.ac.uk/facilities/accommodation/,Shoreham Airport,5200,5700
10004736,http://www.northbrook.ac.uk/facilities/accommodation/,Broadwater,4200,5200
10004736,http://www.northbrook.ac.uk/facilities/accommodation/,West Durrington,4700,5200
10004721,http://www.nwkcollege.ac.uk/college-life/your-time-at-college.aspx,NWK Gravesend Campus,2250,3450
10004721,http://www.nwkcollege.ac.uk/college-life/your-time-at-college.aspx,NWK Dartford Campus,2250,3450
10004705,,North Nottinghamshire College,2520,3360
10004690,,Stevenage Campus,3120,6600
10004690,,Hitchin Campus,3900,6000
10004686,,North East Surrey College of Technology,3600,5400
10004607,http://www.nucs.co.uk,Newham College University Centre,4320,15000
10004599,http://www.ncl-coll.ac.uk/higher-education/accommodation,Newcastle College,2050,3738
10004599,http://www.westlancs.ac.uk/courses/undergraduate,West Lancashire College,2900,3200
10004596,http://www.rightmove.co.uk/property-to-rent.html,Newbury College,4500,8500
10004580,http://www.nct.ac.uk,New College Telford,5000,5000
10004577,http://www.ncn.ac.uk/content/he/Accomodation.aspx,Clarendon,3276,3900
10004577,http://www.ncn.ac.uk/content/he/Accomodation.aspx,Basford,3276,3900
10007801,http://dbsmusic.co.uk/fda-sound-music-technology/,Tor Bridge High,3100,3800
10007141,http://www.uclan.ac.uk/accommodation/,Runshaw College,2500,3300
10007141,http://www.uclan.ac.uk/accommodation/,UCLan Burnley Campus,2500,3300
10003645,http://www.kcl.ac.uk/campuslife/accom/index.aspx,Central London,4800,6400
10001653,http://www.cdd.ac.uk/wp-content/uploads/CDD-Accommodation_KIS-STATEMENT.pdf,London Academy of Music and Dramatic Arts,2310,6300
10007780,http://www.soas.ac.uk/students/accommodation/,Bloomsbury Campus (main),5090,5890
10000571,http://thehub.bathspa.ac.uk/services/housing,4 The Circus,3650,4200
10007138,,Northampton College Booth Lane Campus,3000,3200
10003861,http://www.leedsmet.ac.uk/accommodation/rent_information.htm,Headingley Campus,3339,3889
10007657,http://www.writtle.ac.uk/Accommodation,Writtle College,2405,2960
10007848,http://www.chester.ac.uk/campus-life/accommodation/warrington,Warrington Campus,2600,3000
10007165,http://www.westminster.ac.uk/study/prospective-students/student-accommodation,Harrow Campus,5100,7500
10007114,http://www.uhi.ac.uk/accommodation,Sabhal Mor Ostaig UHI,2300,3300
10007158,http://www.southampton.ac.uk/accommodation/apply/fees/index.html,Winchester,4000,4500
10007148,http://www.hud.ac.uk/undergraduate/livinghere/,Queensgate Campus,3000,3000
10007148,http://www.rightmove.co.uk/property-to-rent/find.html?locationIdentifier=POSTCODE%5E1136500&minBedrooms=1&maxBedrooms=1&radius=3.0,The Manchester College,5900,8400
10007166,http://wlv.ac.uk/accommodation,Walsall Campus,2340,2627
10006299,http://www.staffs.ac.uk/support_depts/accommodation/stafford/,Stafford Campus,3120,3848
10007790,http://www.ed.ac.uk/schools-departments/accommodation-services,Easter Bush,4010,4837
10007790,http://www.ed.ac.uk/schools-departments/accommodation-services,Little France,4010,4837
10008017,http://www.trinitylaban.ac.uk/student-experience/accommodation-campuses/accommodation,Trinity Laban,4000,6457
10007164,http://www.swindon.gov.uk/rentingaplace,New College Swindon,2650,3255
10000571,http://www.circomedia.com/index.html,Circomedia,2700,3500
10007825,http://www.gsmd.ac.uk/about_the_school/shared_left_nav/life_at_the_school/accommodation/,Guildhall School of Music & Drama,4316,6136
10007157,http://www.sheffield.ac.uk/accommodation,The University of Sheffield,4000,4500
10005545,http://www.rau.ac.uk/student-life/living/accommodation,Main Campus,4380,4800
10004351,http://www.mdx.ac.uk/facilities/accom/index.aspx,College of Animal Welfare,4600,5000
10007804,http://www.stir.ac.uk/campus-life/accommodation/,Stornoway,1800,3900
10001143,http://www.kent.ac.uk/accommodation/,University Of Kent,4200,4600
10001143,http://www.canterbury.ac.uk/StudyHere/Accommodation/Home.aspx,Medway,3250,4550
10001143,http://www.canterbury.ac.uk/StudyHere/Accommodation/Home.aspx,Broadstairs,3150,4250
10007149,http://www2.hull.ac.uk/student/accommodation-new/accommodationscarborough.aspx,University of Hull - Scarborough Campus,2600,3200
10007793,,Coleg Morgannwg (Rhondda),2016,2415
10007146,http://www2.gre.ac.uk/study/accommodation,Medway Campus,2500,3400
10007139,,Gloucestershire College,2100,4400
10007807,http://www.accommodation.ulster.ac.uk/,Jordanstown,2730,3276
10040812,http://www.harper-adams.ac.uk/accommodation,Harper Adams University,2256,3282
10006022,http://www.solent.ac.uk/student-life/accommodation/fees-essential-info/fees.aspx,East Park Terrace,3603,4122
10007774,http://www.ox.ac.uk/admissions/undergraduate_courses/why_oxford/living_in_oxford/where_will_i_live.html,Oxford,4680,5200
10005700,http://www.barony.ac.uk/student-support/accommodation/,Barony,6400,8000
10001143,http://www.franciscans.ac.uk/student-life/accommodation,Franciscan International Study Centre,3140,3420
10007793,,Coleg Morgannwg (Nantgarw),2016,2415
10007114,http://www.uhi.ac.uk/accommodation,Orkney UHI,2700,3600
10007146,http://www.army.mod.uk/training_education/training/20945.aspx,Royal School of Military Engineering,3200,3800
10007148,http://www.rightmove.co.uk/property-to-rent/find.html?locationIdentifier=POSTCODE%5E997960&insId=6&minBedrooms=1&maxBedrooms=1&radius=5.0,Craven College,4900,5400
10007139,,Herefordshire and Ludlow College - Hereford Campus,2600,3600
10007166,http://wlv.ac.uk/accommodation,Telford Campus,2000,7000
10007166,http://wlv.ac.uk/accommodation,Sandwell College,1500,1500
10006299,http://www.wnsc.ac.uk/student-services/student-accommodation/,Walford And North Shropshire College,2500,3000
10007151,https://www.lincoln.ac.uk/home/accommodation/accommodationcosts/,Lincoln Campus,3685,4200
10007833,http://www.glyndwr.ac.uk/en/Ourstudentsupport/Accommodation/,"Glyndŵr University, Northop",5400,5940
10007787,http://www.buckingham.ac.uk/life/accommodation/livingon/costis,Hunter Street,4973,7158
10007768,http://www.lancs.ac.uk/study/undergraduate/accommodation/,Bailrigg Campus,2530,4080
10001143,,South East Institute For Theological Education,7090,13270
10007793,,YMCA Community College,2326,2423
10007854,http://lsclondon.co.uk/accommodation.php,London School of Commerce,2080,3520
10007154,http://www.nottingham.ac.uk/accommodation/documents/comparisontable2.pdf,The University of Nottingham,3300,3900
10008362,http://www.lsst.ac,Luton,6000,9000
10007148,http://www.rightmove.co.uk/property-to-rent/find.html?locationIdentifier=POSTCODE%5E1100441&insId=1&maxBedrooms=1&radius=3.0,Harrogate College,5400,6600
10007166,http://wlv.ac.uk/accommodation,Wolverhampton City Campus,2364,2382
10007807,http://www.accommodation.ulster.ac.uk/,Birmingham (QABS),2500,5400
10007802,http://www.reading.ac.uk/kis/accommodation,University of Reading,3480,4190
10004930,http://www.brookes.ac.uk/studying-at-brookes/accommodation/halls-in-detail/,Abingdon & Witney College (Common Leys Campus),4688,5531
10006842,http://www.liv.ac.uk/accommodation/,Main Campus,2438,3152
10039956,http://www.law.ac.uk/about/manchester-accommodation/,Manchester,2800,3400
10008640,http://www.falmouth.ac.uk/accommodation,Penryn Campus,3650,4450
10007800,,Ayr College,3100,4600
10007140,http://www.bcu.ac.uk/student-info/accommodation,City North Campus,2604,3120
10007793,,Coleg Gwent (Pontypool),2100,2700
10007854,http://www3.cardiffmet.ac.uk/english/aboutus/facilities/accommodation/pages/home.aspx,Cyncoed Campus,2695,3080
10007148,http://www.rightmove.co.uk/property-to-rent/find.html?locationIdentifier=POSTCODE%5E249777&minBedrooms=1&maxBedrooms=1&radius=5.0,North Lindsey College,4100,4700
10007139,,Halesowen College,1600,4600
10006299,,National Design Academy,2500,3500
10007152,,British School of Osteopathy,4874,5889
10007858,http://www.pembrokeshire.ac.uk/,Pembrokeshire College,2000,2400
10007832,,Halesowen College,2340,2520
10007141,http://www.uclan.ac.uk/accommodation/,UCLan Main Campus,2500,3300
10007775,http://www.residences.qmul.ac.uk/college/qmaccommodation/index.html,"Queen Mary University of London, Mile End campus",4439,5121
10004351,http://www.mdx.ac.uk/facilities/accom/index.aspx,Hendon Campus,4600,5000
10007793,,Neath Port Talbot College,2016,2415
10007114,http://www.uhi.ac.uk/accommodation,Highland Theological College UHI,3240,3552
10004078,http://www.lsbu.ac.uk/accommodation/,Havering Campus,4108,4888
10007807,http://www.accommodation.ulster.ac.uk/,Belfast,2730,3276
10007811,http://www.grantham.ac.uk/about/the-college/accommodation,Grantham College,3700,4400
10007801,http://www1.plymouth.ac.uk/accommodation,Plymouth University Campus,3100,3800
10007152,http://www.studentvillagebeds.com,Luton Campus,2175,2925
10007856,http://www.aber.ac.uk/en/accommodation/,Aberystwyth,2898,3900
10007800,http://www.uws.ac.uk/about-uws/campuses/ayr/accommodation/,Ayr,3100,4600
10007713,,"Church of Ascension, Middlesbrough",3600,4200
10007713,,"Thorpe Prehend House, Ripon",3600,4200
10001282,http://www.northumbria.ac.uk/accommodation,Northumbria University,3484,4160
10000961,http://www.brunel.ac.uk/services/accommodation/apply/rents-and-contract-lengths,Brunel University Campus,4200,5000
10004048,http://www.londonmet.ac.uk/accommodation/,Holloway Site,3640,8300
10007148,http://www.rightmove.co.uk/property-to-rent/find.html?locationIdentifier=POSTCODE%5E50439&minBedrooms=1&maxBedrooms=1&radius=5.0,Accrington and Rossendale College,3900,4900
10007807,http://www.accommodation.ulster.ac.uk/,Magee,1800,3000
10006299,http://www.staffs.ac.uk/support_depts/accommodation/index.jsp,Lichfield Campus,3874,4800
10006299,http://www.riversidecollege.ac.uk/website/,Riverside College Halton,3190,4940
10007833,http://london.glyndwr.ac.uk/student-life/,Glyndŵr University London,5400,7300
10007155,,Chichester College,2562,2988
10007141,http://www.futureworks.co.uk/,Futureworks,3617,6259
10014001,http://www.ucs.ac.uk/accommodation,UCS Lowestoft,2100,2300
10008026,http://www.smucb.ac.uk/academic/stuaffairs/accomserv.asp,Main Campus,2730,3276
10007849,http://www.abertay.ac.uk/studying/residences/,Dundee Campus,2600,6900
10007843,http://www.smuc.ac.uk/student-life/accommodation/index.htm,"St Mary's University College, Twickenham",4800,6000
10005337,http://www.qmu.ac.uk/accommodation/prices.htm,Edinburgh College,2755,3450
10005337,http://www.qmu.ac.uk/accommodation/prices.htm,Craighall,2755,3450
10007805,http://www.strath.ac.uk/accommodation/,John Anderson Campus,4180,5397
10039956,http://www.law.ac.uk/about/leeds-accommodation/,Leeds,2700,3600
10007713,,"The Mirfield Centre, Mirfield",3600,4200
10007148,http://www.rightmove.co.uk/property-to-rent/find.html?locationIdentifier=POSTCODE%5E737046&insId=7&minBedrooms=1&maxBedrooms=1&radius=5.0,Northern College for Residential and Non-Residential Adult Education,3600,4700
10003957,http://www.ljmu.ac.uk/accommodation,City Centre Campus,2400,3200
10000975,http://bucks.ac.uk/accommodation,"The Centre Conference Venue, Slough",4000,5100
10007150,https://www.kent.ac.uk/accommodation/canterbury/apply/index.html,Canterbury,4000,4500
10006841,,Bury College,2200,3200
10007793,,Cardiff and Vale College (Cardiff),2016,2415
10007793,,Bridgend College,2016,2415
10007146,http://www2.gre.ac.uk/study/accommodation,Avery Hill Campus,3200,4400
10007146,http://www2.gre.ac.uk/study/accommodation,Greenwich Campus,3200,4400
10007148,http://www.rightmove.co.uk/property-to-rent/find.html?locationIdentifier=POSTCODE%5E939890&insId=4&minBedrooms=1&maxBedrooms=1&radius=5.0,Wakefield College,4200,5700
10006299,http://www.stokecoll.ac.uk/,Stoke-On-Trent College,2860,3900
10007161,http://www.tees.ac.uk/sections/accommodation/,Hartlepool College,2800,4500
10007144,http://www.uel.ac.uk/residential/how-to-apply/fees/,Stratford Campus,3536,4784
10001653,http://www.cdd.ac.uk/wp-content/uploads/CDD-Accommodation_KIS-STATEMENT.pdf,The Circus Space,2310,6300
10007785,http://www.bradford.ac.uk/accommodation/,University of Bradford,2100,5239
10000571,http://www.nortcoll.ac.uk/,Norton Radstock College,2650,3300
10002681,http://www.gsa.ac.uk/accommodation,City,5070,5655
10005700,http://www.sac.ac.uk/info/120177/student_accommodation,Aberdeen,4700,6700
10005700,http://www.sac.ac.uk/info/120177/student_accommodation,Ayr,4100,6200
10007145,http://www.glos.ac.uk/accommodation,The University of Gloucestershire - Cheltenham,3080,4560
10007793,,Coleg Gwent (Crosskeys),2100,2700
10007162,http://www.arts.ac.uk/housing/,Kings Cross,5000,8300
10004048,http://www.londonmet.ac.uk/accommodation/,Aldgate Site,3640,8300
10007823,http://www.edgehill.ac.uk/undergraduate/accommodation,"Armstrong House, Manchester",1800,6200
10007148,http://www.rightmove.co.uk/property-to-rent/find.html?locationIdentifier=POSTCODE%5E3907148&insId=5&minBedrooms=1&maxBedrooms=1&radius=5.0,York College,4700,7800
10007148,http://www.rightmove.co.uk/property-to-rent/find.html?locationIdentifier=POSTCODE%5E393880&insId=6&minBedrooms=1&maxBedrooms=1&radius=5.0,Calderdale College,4200,5100
10007139,http://www.worcester.ac.uk/your-home/accommodation.html,University of Worcester,2898,3948
10006427,http://www.ucreative.ac.uk/accommodation/rochester,Rochester,2900,3400
10004930,http://www.brookes.ac.uk/studying-at-brookes/accommodation/halls-in-detail/,Oxford Brookes University,4250,5197
10007850,http://www.bath.ac.uk/study/ug/accommodation/,The Centre for Addiction Treatment Studies,3700,4200
10007850,http://www.bath.ac.uk/study/kis/accommodation/,University of Bath,3700,4200
10031982,http://www.bpp.com/bpp-university-college/l/accommodation?p,BPP Manchester St James',3344,6006
10001653,http://www.cdd.ac.uk/wp-content/uploads/CDD-Accommodation_KIS-STATEMENT.pdf,London Contemporary Dance School,2310,6300
10000291,http://anglia.ac.uk/housing,ARU - University Centre Peterborough (UCP),3870,4622
10007138,http://www.northampton.ac.uk/study/accommodation/living-in-halls/halls-of-residence,University of Northampton Avenue Campus,3000,3200
10005700,http://www.oatridge.ac.uk/college/accommodation,Oatridge,3700,4700
10006841,http://www.bolton.ac.uk/accommodation,University of Bolton,2052,3230
10007842,http://www.cumbria.ac.uk/Accommodation,In Lancaster,2415,3150
10007848,http://www.chester.ac.uk/campus-life/accommodation/nurses,Clatterbridge Hospital (Wirral),3380,4250
10007823,http://www.edgehill.ac.uk/undergraduate/accommodation,Ormskirk,3080,3630
10007139,,Bournville College of Further Education,1600,4600
10006299,http://www.centreforyouthministry.ac.uk/StudentServices,Institute For Children Youth & Mission -Nottingham,3172,4368
10007161,http://www.tees.ac.uk/sections/accommodation/,Middlesbrough College,2800,4500
10014001,http://www.ucs.ac.uk/accommodation,UCS Suffolk New College,4200,4300
10014001,http://www.ucs.ac.uk/accommodation,UCS Great Yarmouth,2000,2400
10007164,http://www1.uwe.ac.uk/students/accommodation,University of the West of England,2650,3255
10007800,http://www.uws.ac.uk/about-uws/campuses/dumfries/accommodation/,Dumfries,3200,4800
10007149,http://www2.hull.ac.uk/student/accommodation-new/accommodation_hull.aspx,University of Hull - Hull Campus,2700,3400
10007842,http://www.cumbria.ac.uk/Accommodation,In Carlisle - Brampton Road,2520,3045
10001883,,De Montfort University,3180,4764
10007766,http://www.ioe.ac.uk/studentInformation/1053.html,Institute of Education,5369,8060
10007114,http://www.uhi.ac.uk/accommodation,Argyll UHI,3216,3600
10007114,http://www.uhi.ac.uk/accommodation,Lews Castle UHI,2200,3000
10000975,http://bucks.ac.uk/accommodation,Uxbridge Campus,4390,5395
10007858,http://www.smu.ac.uk/index.php/potential-students/accommodation/for-students,Swansea Metropolitan,1880,2600
10007141,http://www.uclan.ac.uk/accommodation/,Kendal College,2500,3300
10007167,http://www2.hull.ac.uk/student/accommodation-new/accommodation_hull.aspx,The University of Hull,2700,3400
10007162,http://www.arts.ac.uk/housing/,Peckham Road,5000,8300
10007848,http://www.chester.ac.uk/campus-life/accommodation/nurses,Leighton Hospital (near Crewe),3380,4250
10004048,http://www.londonmet.ac.uk/accommodation/,Moorgate Site,3640,8300
10004048,http://www.londonmet.ac.uk/accommodation/,Partner College: Montessori Centre International,3640,8300
10006566,http://www.uwl.ac.uk/students/support_for_students/Accommodation.jsp,Ealing / Brentford,4700,6900
10007139,,Warwickshire College - Pershore Campus,5000,10000
10007139,,South Worcestershire College,5000,10000
10006299,http://www.staffs.ac.uk/support_depts/accommodation/index.jsp,Stoke On Trent 6th Form College,2860,3900
10007155,,Alton College,2562,2988
10003863,http://www.leedstrinity.ac.uk/services/accommodation/Pages/default.aspx,Leeds Trinity University,3400,4000
10001478,http://www.city.ac.uk/study/undergraduate/accommodation,Northampton Square,5500,7800
10007138,http://www.northampton.ac.uk/study/accommodation/living-in-halls/halls-of-residence,University of Northampton Park Campus,3000,3200
10005700,http://www.elmwood.ac.uk/about/accommodation,Elmwood,7200,8400
10039956,http://www.law.ac.uk/about/london-bloomsbury-accommodation/,London - Bloomsbury,4800,6600
10007851,http://www.derby.ac.uk/student-accommodation,Buxton Campus,3675,4200
10007772,http://www.napier.ac.uk/study/edinburgh/accommodation/Pages/Ahttp://www.napier.ac.uk/study/edinburgh/accommodation/Pages/Accommodation.aspx,Sighthill Campus,5940,7524
10004180,http://www.mmu.ac.uk/accommodation/,Cheshire Campus,3230,4668
10007114,http://www.uhi.ac.uk/accommodation,Scottish Association for Marine Science UHI,3216,3600
10007148,http://www.rightmove.co.uk/property-to-rent/find.html?locationIdentifier=POSTCODE%5E254009&insId=8&minBedrooms=1&maxBedrooms=1&radius=5.0,The Grimsby Institute of Further and Higher Education,3900,4700
10006299,http://www.shrewsbury.ac.uk/,Shrewsbury College,3780,4800
10007151,https://www.lincoln.ac.uk/home/accommodation/accommodationcosts/,Holbeach Campus,3900,5520
10006299,http://www.southstaffs.ac.uk/,South Staffordshire College - Lichfield Site,3874,4800
10000886,,Moulsecoomb,3902,4054
10007155,,Isle Of Wight College,2562,2988
10007152,http://www.libertyliving.co.uk,Bedford Campus,2340,3150
10000824,http://www.aecc.ac.uk/undergrad/student-journey/accommodation.aspx,Anglo European College of Chiropractic,3641,3714
10007141,http://manchester.s-s-r.com/accommodation-finance,SSR Manchester,3600,4200
10005553,http://www.rhul.ac.uk/studyhere/accommodation/home.aspx,Egham Campus,4200,5000
10007798,http://www.manchester.ac.uk/undergraduate/studentfinance/general/cost-of-living/,Main Campus,4134,6864
10001653,http://www.cdd.ac.uk/wp-content/uploads/CDD-Accommodation_KIS-STATEMENT.pdf,Rambert School of Ballet and Contemporary Dance,2310,6300
10007783,http://www.abdn.ac.uk/accommodation,Foresterhill,5028,6912
10007794,http://www.gla.ac.uk/undergraduate/accommodation/,Glasgow Campus,3300,5100
10003861,http://www.leedsmet.ac.uk/accommodation/rent_information.htm,Leeds City Campus,3339,3889
10006841,,Backstage Academy,2052,3230
10007713,,"The Peter Harrison Room, Beverley Minster",3600,4200
10007793,http://accommodation.southwales.ac.uk/costs/,Newport,2067,2730
10007162,http://www.arts.ac.uk/housing/,Elephant and Castle,5000,8300
10007848,http://www.chester.ac.uk/campus-life/accommodation/chester,Chester Main/Kingsway/Riverside Campus',3380,4250
10004048,http://www.londonmet.ac.uk/accommodation/,Partner College: City and Islington College,3640,8300
10006566,http://www.uwl.ac.uk/students/support_for_students/Accommodation.jsp,Reading,3000,3600
10007148,http://www.rightmove.co.uk/property-to-rent/find.html?locationIdentifier=POSTCODE%5E3753306&insId=14&minBedrooms=1&maxBedrooms=1&radius=5.0,University Campus Barnsley,3600,5800
10003957,http://www.ljmu.ac.uk/accommodation,IM Marsh Campus,2400,3200
10007139,,Somerset SCITT,3400,4900
10007791,http://www.essex.ac.uk/accommodation/payments/rent/default.aspx,Colchester Campus,3300,4000
10007155,,Itchen College,2562,2988
10006022,http://www.warsashacademy.co.uk/facilities/campus-facilities/accommodation/the-residences/essential-information.aspx#accommodationfees,Warsash Maritime Academy,3603,4122
10007803,http://www.st-andrews.ac.uk/accommodation/ug/ugfees2013/,University of St Andrews,3508,4385
10005415,http://www.redcliffe.org/life/accommodation,Gloucester,4230,4720
10031982,http://www.bpp.com/bpp-university-college/l/accommodation?p,BPP Bristol,3285,6058
10031982,http://www.bpp.com/bpp-university-college/l/accommodation?p,BPP Liverpool,3514,5096
10007784,http://www.ucl.ac.uk/prospective-students/accommodation,London,5915,6624
10007145,http://www.glos.ac.uk/accommodation,The University of Gloucestershire - Gloucester,3080,4560
10007842,http://www.cumbria.ac.uk/Accommodation,In Ambleside,2730,3570
10007793,http://accommodation.southwales.ac.uk/costs/,Treforest,2016,2415
10007146,http://www.gcc.ac.uk/international-students/accommodation/,Greenwich Community College,3000,4600
10007148,http://www.rightmove.co.uk/property-to-rent/find.html?locationIdentifier=POSTCODE%5E387806&insId=9&minBedrooms=1&maxBedrooms=1&radius=5.0,Hull College,4100,5400
10007148,http://www.rightmove.co.uk/property-to-rent/find.html?locationIdentifier=POSTCODE%5E624296&insId=13&minBedrooms=1&maxBedrooms=1&radius=5.0,University Campus Oldham,4500,5400
10007148,http://www.rightmove.co.uk/property-to-rent/find.html?locationIdentifier=POSTCODE%5E1181352&insId=3&minBedrooms=1&maxBedrooms=1&radius=5.0,Tameside College,4500,5400
10006299,http://www.centreforyouthministry.ac.uk/StudentServices,Institute For Children Youth & Mission - Bristol,3172,4160
10006840,http://www.birmingham.ac.uk/students/accommodation/index.aspx,Edgbaston,3100,3750
10007159,http://www.sunderland.ac.uk/studentlife/accommodation/,University of Sunderland,2100,3400
10007775,http://www.residences.qmul.ac.uk/college/qmaccommodation/index.html,"Queen Mary University of London, Whitechapel campus",4439,5121
10007759,http://www1.aston.ac.uk/study/accommodation/,Aston University,2700,5250
10004063,http://www.lse.ac.uk/lifeAtLSE/accommodation/forStudents/home.aspx,"Houghton Street, London",6400,7900
10007799,http://www.ncl.ac.uk/undergraduate/accommodation/,Main Campus,3484,4160
10007783,http://www.abdn.ac.uk/accommodation,Old Aberdeen,5028,6912
10001143,http://www.canterbury.ac.uk/StudyHere/Accommodation/Home.aspx,Canterbury,3650,4950
10007143,http://www.dur.ac.uk/study/accommodation/costs,Durham Campus,3276,4420
10007158,http://www.southampton.ac.uk/accommodation/apply/fees/index.html,Southampton,3700,4300
10006427,http://www.ucreative.ac.uk/accommodation/farnham,Farnham,3300,3800
10000975,http://bucks.ac.uk/accommodation,High Wycombe Campus,3600,4451
10006299,http://www.centreforyouthministry.ac.uk/StudentServices,Institute For Children Youth & Mission - Cambridge,5200,5772
10000886,,Hastings,3900,4875
10007155,http://www.port.ac.uk/why-portsmouth/accommodation/,University Of Portsmouth,2562,2988
10007155,,City College Southampton,2562,2988
10003956,http://www.hope.ac.uk/lifeathope/residentiallife,Liverpool Hope,2584,3152
10003956,http://www.hope.ac.uk/lifeathope/residentiallife,Holy Cross College,2584,3152
10007816,http://www.cssd.ac.uk/accommodationcentral/,Royal Central School of Speech and Drama,6120,8925
10007761,http://www.courtauld.ac.uk/degreeprogrammes/courtauldlife/accommodation/index.shtml,Somerset House,5760,7500
10001653,http://www.cdd.ac.uk/wp-content/uploads/CDD-Accommodation_KIS-STATEMENT.pdf,Central School of Ballet,2310,6300
10007800,,Stow College,3000,5000
10007137,http://www.chi.ac.uk/student-life/accommodation/prices,Bognor Regis Campus,3700,4100
10007762,http://www.gcu.ac.uk/kis/accommodation/,Main Campus,3700,5600
10004797,http://www.ntu.ac.uk/accommodation,Clifton Campus,3300,3900
10007848,http://www.chester.ac.uk/campus-life/accommodation/chester,Thornton Campus,3380,4250
10007114,http://www.uhi.ac.uk/accommodation,Inverness UHI,3120,3720
10001726,http://www.coventry.ac.uk/study-at-coventry/student-support/accommodation/,Coventry Campus,2900,4200
10007148,http://www.rightmove.co.uk/property-to-rent/find.html?locationIdentifier=POSTCODE%5E969033&insId=7&minBedrooms=1&maxBedrooms=1&radius=5.0,East Riding College,3800,4800
10007139,,Kidderminster College,2898,3948
10007139,,Stourbridge College,4200,5700
10007795,http://accommodation.leeds.ac.uk/overview,The University of Leeds,3328,3900
10007155,,St Vincent College,2562,2988
10007858,http://www.trinitysaintdavid.ac.uk/en/accommodation/,Lampeter,2000,2400
10014001,http://www.ucs.ac.uk/accommodation,UCS Bury St Edmunds,3900,5400
10004930,http://www.brookes.ac.uk/studying-at-brookes/accommodation/halls-in-detail/,Swindon Nursing,3750,4500
10003270,http://www3.imperial.ac.uk/accommodation/prospectivestudents/prospectiveundergraduatestudents,South Kensington,4335,11475
10007144,http://www.uel.ac.uk/residential/how-to-apply/fees/,Docklands Campus,3536,4784
10007804,http://www.stir.ac.uk/campus-life/accommodation/,Stirling,3100,3600
10007161,http://www.tees.ac.uk/sections/accommodation/,Stockton Riverside College,2800,4500
10007151,https://www.lincoln.ac.uk/home/accommodation/accommodationcosts/,Riseholme Campus,3685,4200
10000886,,Grand Parade,3902,4054
10007141,http://www.uclan.ac.uk/accommodation/,UCLan Westlakes,2500,3300
10007167,http://www.york.ac.uk/accommodation-costs,The University of York,3500,4100
10007779,http://www.rvc.ac.uk/Undergraduate/Accommodation.cfm,Camden Campus,6300,10500
10005700,,Edinburgh,3700,4700
10007145,,Centre of Youth Ministry,3080,4560
10006841,,Skills Solutions,2052,3230
10007713,,"Kadugli House, Steeton Keighley",3600,4200
10007713,,"St Mary's Street, Leeds",3600,4200
10007772,http://www.napier.ac.uk/study/edinburgh/accommodation/Pages/Accommodation.aspx,Merchiston Campus,5940,7524
10006299,http://www.nulc.ac.uk/,Newcastle-Under-Lyme College,2860,3900
10006299,http://www.staffordcoll.ac.uk/,Stafford College,3120,3848
10003854,http://www.leeds-art.ac.uk/home/living-in-leeds/accommodation,Blenheim Walk,2860,3344
10031982,http://www.bpp.com/bpp-university-college/l/accommodation?p,BPP Birmingham,3438,4085
10001653,http://www.cdd.ac.uk/wp-content/uploads/CDD-Accommodation_KIS-STATEMENT.pdf,Bristol Old Vic Theatre School,2310,6300
10001653,http://www.cdd.ac.uk/wp-content/uploads/CDD-Accommodation_KIS-STATEMENT.pdf,Royal Academy of Dramatic Art,2310,6300
10000291,http://anglia.ac.uk/housing,ARU - University Centre Harlow (UCH),3850,6250
10003331,http://www.regents.ac.uk/study/undergraduate-study/accommodation.aspx,Regents University London,14200,15000
10008640,http://www.falmouth.ac.uk/accommodation,Falmouth Campus,3650,4450
10007851,http://www.derby.ac.uk/student-accommodation,Derby Campus,2310,2835
10002718,http://www.gold.ac.uk/accommodation/,Goldsmiths College,5906,7306
10007793,http://www.rwcmd.ac.uk/student_life/accommodation/halls_of_residence.aspx,Royal Welsh College of Music & Drama,2326,2423
10007793,,Coleg Gwent (Ebbw Vale),2100,2700
10007165,http://www.westminster.ac.uk/study/prospective-students/student-accommodation,Marylebone Campus,5400,9000
10004078,http://www.lsbu.ac.uk/accommodation/,Southwark Campus,4940,6396
10007148,http://www.rightmove.co.uk/property-to-rent/find.html?locationIdentifier=POSTCODE%5E390021&insId=4&minBedrooms=1&maxBedrooms=1&radius=5.0,Bishop Burton College,4500,5500
10006299,http://www.oasiscollege.org/,Oasis College,5625,7761
10007833,http://www.glyndwr.ac.uk/en/Ourstudentsupport/Accommodation/,Glyndŵr University Wrexham,3470,3470
10000824,http://www.brit.croydon.sch.uk,The BRIT School for Performing Arts and Technology,2900,3700
10008010,http://www.stran.ac.uk/informationabout/tuitionfees/hallsfees/,Stranmillis University College,2340,3380
10039956,http://www.law.ac.uk/about/birmingham-accommodation/,Birmingham,2600,3800
10007800,http://www.uws.ac.uk/about-uws/campuses/hamilton/accommodation/,Hamilton,2900,4300
10007146,http://www.bromley.ac.uk/higher-education/higher-education-accommodations-and-support/,Bromley College of Further and Higher Education,5400,8800
10007156,http://www.accommodation.salford.ac.uk/,Salford University,3465,3990
10004930,http://www.brookes.ac.uk/studying-at-brookes/accommodation/halls-in-detail/,Abingdon & Witney College (Abingdon Campus),4219,5625
10004930,http://www.brookes.ac.uk/studying-at-brookes/accommodation/halls-in-detail/,Abingdon & Witney College (Witney Campus),4688,5531
10000571,http://thehub.bathspa.ac.uk/services/housing,Newton Park Campus,3650,4200
10005470,http://www.richmond.ac.uk/accomodation/,Richmond,4480,8960
10007793,,Cardiff and Vale College (Barry),2016,2415
10007854,http://www3.cardiffmet.ac.uk/english/aboutus/facilities/accommodation/pages/home.aspx,Llandaff Campus,2695,3080
10007162,http://www.arts.ac.uk/housing/,John Islip Street,5000,8300
10007823,http://www.edgehill.ac.uk/undergraduate/accommodation,Minsthorpe College,3100,3600
10007148,http://www.rightmove.co.uk/property-to-rent/find.html?locationIdentifier=POSTCODE%5E653060&minBedrooms=1&maxBedrooms=1&radius=5.0,Boston College,4600,5600
10007148,http://www.rightmove.co.uk/property-to-rent/find.html?locationIdentifier=POSTCODE%5E1136500&minBedrooms=1&maxBedrooms=1&radius=3.0,Leeds City College,4700,6600
10007166,http://wlv.ac.uk/accommodation,Burton Hospital Centre,2364,2382
10006299,http://www.staffs.ac.uk/support_depts/accommodation/stoke/index.jsp,Stoke On Trent Campus,2860,3900
10006299,http://www.southstaffs.ac.uk/,South Staffordshire College  - Rodbaston,3874,4800
10007786,http://www.bristol.ac.uk/accommodation/undergraduate/,University of Bristol,3750,4680
10007152,,University Campus Milton Keynes,2250,2868
10000824,http://www.bournemouth.ac.uk/accommodation/price_guide.html,Bournemouth University,3641,3714
10005561,http://www.rcs.ac.uk/studyhere/accommodation/,Main Campus,2500,10000
10037449,http://marjon.ac.uk/studentlife/universityapprovedaccommodation/,Main Campus,3198,3690
10007140,http://www.bcu.ac.uk/student-info/accommodation,City Centre Campus,2604,3120
10007842,http://www.cumbria.ac.uk/Accommodation,"At Energus, Workington",2436,3150
10007793,http://accommodation.southwales.ac.uk/costs/,Cardiff,2326,2423
10004797,http://www.ntu.ac.uk/accommodation,City Campus,3300,3900
10004048,http://www.londonmet.ac.uk/accommodation/,Partner College: Lambeth College,3640,8300
10007165,http://www.westminster.ac.uk/study/prospective-students/student-accommodation,Regent Campus,5400,9000
10007823,http://www.edgehill.ac.uk/undergraduate/accommodation,"Holy Cross, Bury",2200,3200
10006427,http://www.ucreative.ac.uk/accommodation/epsom,Epsom,3700,4200
10007161,http://www.tees.ac.uk/sections/accommodation/,Darlington College,2800,4500
10007161,http://www.tees.ac.uk/sections/accommodation/,Teesside University Main Campus,2800,4500
10005790,http://www.shu.ac.uk/accommodation/find/costs-contracts.html,City Campus,2340,4160
10007155,,South Downs College,2562,2988
10007160,http://www.surrey.ac.uk/accommodation/index.htm,University of Surrey,4251,4863
10031982,http://www.bpp.com/bpp-university-college/l/accommodation?p,BPP Law School - London Waterloo,6526,10220
10007164,http://www.cirencester.ac.uk/universitylevel/guidance/accommodation/,Cirencester College,2650,3255
10007788,http://www.study.cam.ac.uk/undergraduate/life/accommodation.html,University of Cambridge,4936,6488
10007806,http://www.sussex.ac.uk/study/ug/location/accommodation,"Falmer Campus, Falmer",4238,4550
10007792,http://www.exeter.ac.uk/accommodation/keyinfo,Exeter Campus,4250,7050
10007804,http://www.stir.ac.uk/campus-life/accommodation/,Inverness,2600,3500
10039956,http://www.law.ac.uk/about/chester-accommodation/,Chester,2500,3700
10004048,http://www.hackney.ac.uk/higher-education/accomodation/,Partner College: Hackney Community College,3640,8300
10007148,http://www.rightmove.co.uk/property-to-rent/find.html?locationIdentifier=POSTCODE%5E733331&insId=1&minBedrooms=1&maxBedrooms=1&radius=5.0,Rotherham College of Arts and Technology,4200,5300
10003957,http://www.ljmu.ac.uk/accommodation,Greenbank,2400,3200
10007807,http://www.accommodation.ulster.ac.uk/,Coleraine,1500,2220
10006299,http://www.southstaffs.ac.uk/,South Staffordshire College - Tamworth,3874,4800
10007855,http://www.swan.ac.uk/accommodation/,Swansea University - Singleton Campus,2679,3525
10007811,http://www.bishopg.ac.uk/?_id=10432&page=0,Bishop Grosseteste University,3140,3875
10007776,http://www.roehampton.ac.uk/accommodation,University of Roehampton,4335,5355
10005389,http://www.scapeliving.com/scape-Greenwich,Ravensbourne,4628,5920
10000385,http://webdocs.aucb.ac.uk/Accommodation%20Pack.pdf,Arts University Bournemouth,3108,4578
10004930,http://www.brookes.ac.uk/studying-at-brookes/accommodation/halls-in-detail/,Ruskin College,4250,5197
10008289,http://www.ifslearning.ac.uk/qualifications/fulltimeundergraduateprogrammes/accommodation.aspx,Lovat Lane,8469,15000
10003678,http://www.kingston.ac.uk/accommodation/,Kingston University,4600,5200
10007792,http://www.exeter.ac.uk/accommodation/keyinfo,Cornwall Campus,3650,4450
10001143,,YMCA George Williams College,4500,5900
10007842,http://www.cumbria.ac.uk/Accommodation,In Carlisle - Fusehill Street,2520,3045
10007114,http://www.uhi.ac.uk/accommodation,Perth UHI,2400,3300
10006427,http://www.ucreative.ac.uk/accommodation/maidstone,Maidstone Studios,2600,3100
10000886,,Falmer,3902,4054
10007801,http://www.bcom.ac.uk/students/college-life/living-in-hampstead-london,BCOM London,4080,7650
10007776,http://www.cwr.org.uk/training/Courses?courseid=61411961-0a01-475f-8a46-332b1cb9714a,Waverley Abbey House,1030,1236
10014001,http://www.ucs.ac.uk/accommodation,UCS Ipswich,4200,4300
10031982,http://www.bpp.com/bpp-university-college/l/accommodation?p,BPP Leeds - Whitehall Quay,3491,4992
10007779,http://www.rvc.ac.uk/Undergraduate/Accommodation.cfm,Hawkshead Campus,3600,4800
10000291,http://anglia.ac.uk/housing,ARU - Main Campus Chelmsford,3576,4560
10007150,https://www.kent.ac.uk/accommodation/medway/apply/index.html,Medway,4000,4500
10007713,http://www.yorksj.ac.uk/facilities-directorate/facilities-directorate/accommodation.aspxdirectorate/accommodation.aspx,YSJ Main Campus,3600,4200
10007713,,"Wilson Carlile Centre, Sheffield",3600,4200
10007793,,Merthyr Tydfil College,3200,6300
10007114,http://www.uhi.ac.uk/accommodation,Shetland UHI,2700,3540
10005343,http://www.stayatqueens.com,Queen's University Belfast,2730,3276
10008362,http://www.lsst.ac,Alperton,6000,9000
10007148,http://www.rightmove.co.uk/property-to-rent/find.html?locationIdentifier=POSTCODE%5E563148&insId=2&minBedrooms=1&maxBedrooms=1&radius=5.0,South Tyneside College,4200,5400
10000975,http://bucks.ac.uk/accommodation,"Berkshire College of Agriculture, Maidenhead Campus",4300,5985
10000886,,Eastbourne,3654,3654
10005790,http://www.shu.ac.uk/accommodation/find/costs-contracts.html,Collegiate Crescent Campus,2340,4160
10003945,http://www.lipa.ac.uk/Content/LifeAtLIPA/Accomodation.aspx,Liverpool Institute for Performing Arts,4140,5474
10007137,http://www.chi.ac.uk/student-life/accommodation/prices,Platform One - Isle of Wight,2300,2900
10001143,http://www.abdocollege.org.uk/read.php?page=144&parent=4,ABDO College,2900,3900
10007793,,The College Ystrad Mynach,2016,2415
10007760,http://housing.london.ac.uk/cms/,Birkbeck College - Stratford Campus,3500,4800
10007823,http://www.edgehill.ac.uk/undergraduate/accommodation,Shrewsbury,2000,2600
10020416,http://www.matterseyhall.com/undergraduate-fees-taught/,Mattersey Hall,3320,3320
10023454,http://www.moorlands.ac.uk/home/private/accomcosts77.php,"Sopley, Christchurch, Dorset",2500,3600
10007163,http://www2.warwick.ac.uk/services/accommodation/,The University of Warwick,3024,3780
10007791,http://www.east15.ac.uk/apply-accommodation.asp,East15 (Loughton) Campus,4800,5500
10007857,http://www.bangor.ac.uk/accommodation/index.php.en?menu=0&ampcatid=0,Wrexham,2500,3000
10007159,,Hartlepool VI Form College,2100,3400
10007789,http://www.uea.ac.uk/accommodation/undergraduate-accommodation/Costs+2013-2014,Campus A,3211,4047
10000571,http://thehub.bathspa.ac.uk/services/housing,Sion Hill Campus,3650,4200
10007767,http://www.keele.ac.uk/studyatkeele/accommodation/,Keele University,2700,3300
10007764,http://www.hw.ac.uk/student-life/campus-life/accommodation.htm,Scottish Borders Campus,2400,3100
10005470,http://www.richmond.ac.uk/program/riasa,Leeds,0,0
10007851,,Chesterfield Campus,2700,2820
10007143,http://www.dur.ac.uk/study/accommodation/costs,Queen's Campus,3276,4420
10001726,http://www.coventry.ac.uk/culc/life-at-culc/accommodation/?theme=culc,London Campus,3500,6000
10007139,,Worcester College of Technology,2100,4400
10006427,http://www.ucreative.ac.uk/accommodation/canterbury,Canterbury,3400,3800
10007807,http://www.accommodation.ulster.ac.uk/,London (QABS),5500,7900
10006299,http://www.centreforyouthministry.ac.uk/StudentServices,Institute For Children Youth & Mission - Oxford,4784,5200
10007161,http://www.tees.ac.uk/sections/accommodation/,Redcar & Cleveland College,2800,4500
10007791,http://www.essex.ac.uk/accommodation/residences/charges.shtm,Southend Campus,4700,5000
10007152,,Arthur Mellows Village College,1875,2812
10007814,http://www.cardiff.ac.uk/for/prospective/residences/,Cardiff University,2880,3210
10003614,http://www.winchester.ac.uk/starting-here/student-accommodation/costs,King Alfred Campus,4400,4900
10000291,http://anglia.ac.uk/housing,ARU - College of West Anglia (CWA),3128,10350
10004775,http://www.nua.ac.uk/study/accommodation,Norwich Campus,3700,4100
10007778,http://www.rcm.ac.uk/life/collegehall/,Prince Consort Road,6108,8450
10007782,http://www.sgul.ac.uk/student-life/accommodation,St. George´s University of London,3864,5334
10001143,,Kent Association For The Blind,2730,3310
10007147,http://www.herts.ac.uk/university-life/accommodation,University Of Hertfordshire,3234,4081
10007760,http://housing.london.ac.uk/cms/,Birkbeck College - Bloomsbury Campus,5356,8112
10007823,http://www.edgehill.ac.uk/undergraduate/accommodation,Bromborough,3100,3900
10007114,http://www.uhi.ac.uk/accommodation,Moray UHI,2856,3360
10007146,http://www2.gre.ac.uk/study/accommodation,Doreen Bird College of Performing Arts,2800,3500
10007146,http://www.hadlow.ac.uk/higher-education/halls-of-residence/,Hadlow College,2600,3400
10007139,,Telford College of Arts and Technology,1500,5000
10006427,http://www.ucreative.ac.uk/uca-accommodation,Hampton Court Palace,4400,7600
10007790,http://www.ed.ac.uk/schools-departments/accommodation-services,Central and King's Buildings,4010,4837
10007801,http://www1.plymouth.ac.uk/accommodation,Knowledge Spa Truro,3100,3800
10007857,http://www.bangor.ac.uk/accommodation/index.php.en?menu=0&ampcatid=0,Main Campus,2919,3397
10031982,http://www.bpp.com/bpp-university-college/l/accommodation?p,McTimoney College of Chiropractic,6526,10220
10001653,http://www.cdd.ac.uk/wp-content/uploads/CDD-Accommodation_KIS-STATEMENT.pdf,Northern School of Contemporary Dance,2310,6300
10000291,http://anglia.ac.uk/housing,"ARU - Guild House, Peterborough",3870,4622
10000291,http://anglia.ac.uk/housing,ARU - Cambridge Campus,3128,10350
10039956,http://www.law.ac.uk/about/bristol-accommodation/,Bristol,2900,3400
10007764,http://www.hw.ac.uk/student-life/campus-life/accommodation.htm,Edinburgh Campus,3600,4500
10007851,,Leek Campus,2191,2940
10004797,http://www.ntu.ac.uk/accommodation,Brackenhurst,2900,3900
10004180,http://www.mmu.ac.uk/accommodation/,Manchester Campus,4134,6864
10007162,http://www.arts.ac.uk/housing/,Merton Hall Road,5000,8300
10007842,http://www.cumbria.ac.uk/Accommodation,In Tower Hamlets,5616,7176
10000712,http://www.ucb.ac.uk/student-life/accommodation.aspx,University College Birmingham,3171,3830
10007114,http://www.uhi.ac.uk/accommodation,West Highland College UHI,3216,3600
10007114,http://www.uhi.ac.uk/accommodation,North Highland UHI,2400,2700
10007146,http://www.eso.ac.uk/accommodation.html,European School of Osteopathy,3200,3800
10007139,,The Learning Institute,2600,4000
10006299,http://www.cwtcov.co.uk/,Cwt Chamber Training,3326,3822
10006299,http://www.staffs.ac.uk/support_depts/accommodation/shrewsbury/,Shrewsbury Hospital,2500,3000
10007796,http://www2.le.ac.uk/study/accommodation/kisdata,University of Leicester - Main Campus,3328,4472
10007159,,East Durham,2100,3400
10007858,http://www.trinitysaintdavid.ac.uk/en/accommodation/,Carmarthen,2000,2400
10035638,http://icmp.co.uk/student-life/accommodation,The Institute of Contemporary Music Performance,3500,4700
10004930,http://www.brookes.ac.uk/studying-at-brookes/accommodation/halls-in-detail/,Diocese of Oxford,4250,5197
10007852,http://www.dundee.ac.uk/accommodation/,The University of Dundee (Main Campus),2600,6900
10031982,http://www.bpp.com/bpp-university-college/l/accommodation?p,BPP Business School - London City,6526,10220
10004113,http://www.lboro.ac.uk/services/campus-living/accommodation/fees-documents-forms/,Loughborough University,3147,5089
10039956,http://www.law.ac.uk/about/guildford-accommodation/,Guildford,3700,4400
10007800,http://www.uws.ac.uk/about-uws/campuses/paisley/accommodation/,Paisley,2900,4300
10007140,http://www.bcu.ac.uk/student-info/accommodation,City South Campus,2604,3120
10007794,http://www.gla.ac.uk/services/residentialservices/,Dumfries campus,2500,5500
10007848,http://www.reaseheath.ac.uk/accommodationHE,Reaseheath College,4017,4017
10007165,http://www.westminster.ac.uk/study/prospective-students/student-accommodation,Cavendish Campus,5400,9000
10007139,,Herefordshire and Ludlow College - Ludlow Campus,2600,3600
10007139,,Birmingham Metropolitan College,1600,4600
10007832,http://www.newman.ac.uk/accommodation,Newman University,2340,2520
10007835,http://www.ram.ac.uk/housing,Royal Academy of Music,5928,6760
10007837,http://www.libertyliving.co.uk/student-accommodation/manchester,Royal Northern College of Music,2730,3234
10005523,http://www.bruford.ac.uk/student-support/accomodation.aspx,Rose Bruford College,4056,5064
10007137,http://www.chi.ac.uk/student-life/accommodation/prices,Bishop Otter Campus,4000,4600
10005500,http://www.rgu.ac.uk/living/accommodation,Garthdee Campus,5028,6912
10007793,,Coleg Morgannwg (Aberdare),2016,2415
10007793,,Coleg Gwent (Usk),2100,2700
10007772,http://www.napier.ac.uk/study/edinburgh/accommodation/Pages/Accommodation.aspx,Craiglockhart Campus,5940,7524
10007162,http://www.arts.ac.uk/housing/,John Princes Street,5000,8300
10007765,http://www.heythrop.ac.uk/prospective-students/accommodation.html,Heythrop College,5900,7700
10007146,http://www.nwkcollege.ac.uk/,North West Kent College of Technology,2300,3500
10007166,http://wlv.ac.uk/accommodation,City of Wolverhampton College,2364,2382
10006299,http://www.burton-college.ac.uk/bsdc/,Burton And South Derbyshire College,3600,4712
